992024112101,都市大太????????,東京都世田谷区玉�????????1-1-1,090-1111-2222,20000101
992024112102,等�??力三郎,東京都世田谷区玉�????????1-2-3,070-2222-3333,20200520
992024112103,都市大次????????,神奈川県横浜市�????????筑区牛�?保西3-3-1,080-9999-7777,19970401
992024112301,山田太????????,神奈川県厚木市戸田1-1-1,080-1111-6666,19921211
992024112302,????????谷直樹,神奈川県のどこか,090-4444-5555,19690403
992024112303,近藤????????,東京都多摩市�????????????????ずこ????????,090-3456-7890,19000101
992024112304,都市大太????????,神奈川県横浜市�????????筑区牛�?保西3-3-1,090-4444-9999,19970401
992025011700,test,test,test,20050317
992025011701,1,1,1,1
992025011702,3,3,333,2
992025012500,test,test,01201112222,20050317
